interval,nominal_coverage,actual_coverage,coverage_gap_actual_minus_nominal,mean_interval_width_kwh,median_interval_width_kwh
90,0.9,0.7226890756302521,-0.17731092436974794,450.41275503119147,345.11850203267886
80,0.8,0.6084033613445378,-0.19159663865546228,310.72831540845465,243.25404332290657
