{
  "coverage": 0.7833333333333333,
  "coverage_raw": 0.5895833333333333,
  "pinball_p10": 72.57810124124386,
  "pinball_p50": 118.90077974300691,
  "pinball_p90": 60.16230315055184,
  "p50_wape": 0.0757489869231966,
  "p50_mae_kwh": 237.80155948601382,
  "p50_rmse_kwh": 419.56957303681924,
  "p50_bias_pct": -0.036759378704437344,
  "overuse_hours": 72,
  "underuse_hours": 32,
  "overuse_total_exceedance_kwh": 17287.45719466518,
  "mean_band_width_kwh": 645.2697311625444,
  "actual_sum_kwh": 1506881.52,
  "n_rows": 480,
  "coverage_target": 0.8
}